Book title,Author's gender,Year,Publisher,Language,Genre,Average_score_on_internet
The Hunger Games,Female,2008,Scholastic Press,English,Dystopian,5
Twilight,Female,2005,"Little, Brown and Company",English,Vampire-romance,3
The Giver,Female,1993,Houghton Mifflin Harcourt,English,Dystopian,4
The Fault in Our Stars,Male,2012,Penguin Books,English,Realistic fiction,4
City of Bones,Female,2007,Simon & Schuster,English,Urban fantasy,4
Divergent,Female,2011,HarperCollins,English,Dystopian,4
The Perks of Being a Wallflower,Male,1999,Simon & Schuster,English,YA/coming-of-age,5
Holes,Male,1998,"Farrar, Straus and Giroux",English,Adventure,4
The Outsiders,Female,1967,Viking Press,English,YA fiction,5
The Golden Compass,Male,1995,Scholastic Point,English,Fantasy,4
Looking for Alaska,Male,2005,Dutton Children's Books,English,YA novel,3
Vampire Academy,Female,2007,Penguin Group,English,Urban fantasy,4
Eragon,Male,2002,Self-published,English,Fantasy,3
A Wrinkle in Time,Female,1962,"Farrar, Straus and Giroux",English,Science fantasy,3
Uglies,Male,2005,Simon & Schuster,English,Dystopian,3
Clockwork Angel,Female,2010,Simon & Schuster,English,Fantasy,5
Ella Enchanted,Female,1997,HarperCollins,English,Fantasy,4
The Maze Runner,Male,2009,"Dell Publishing Company, Inc.",English,Science fiction,4
Speak,Female,1999,"Farrar, Straus and Giroux",English,YA novel,4
Graceling,Female,2008,Houghton Mifflin Harcourt,English,Fantasy,4